<?xml version="1.0" encoding="UTF-8"?>

<databaseChangeLog
        xmlns="http://www.liquibase.org/xml/ns/dbchangelog"
        xmlns:xsi="http://www.w3.org/2001/XMLSchema-instance"
        xsi:schemaLocation="http://www.liquibase.org/xml/ns/dbchangelog
         http://www.liquibase.org/xml/ns/dbchangelog/dbchangelog-3.1.xsd">

    <changeSet id="01" author="Upamal08">
        <preConditions onFail="MARK_RAN">
            <not>
                <sequenceExists sequenceName="SEQ_USER"/>
            </not>
        </preConditions>
        <createSequence sequenceName="SEQ_USER" cycle="false" minValue="1" maxValue="300" startValue="1" incrementBy="1"/>
    </changeSet>

    <changeSet id="02" author="Upamal08">
        <preConditions onFail="MARK_RAN">
            <not>
                <tableExists tableName="T_USER"/>
            </not>
        </preConditions>
        <createTable tableName="T_USER" remarks="Create user table">
            <column name="user_id" type="INTEGER" defaultValueComputed="SEQ_USER.NEXTVAL">
                <constraints nullable="false" primaryKey="true"/>
            </column>
            <column name="role_id" type="INTEGER">
                <constraints nullable="false"/>
            </column>
            <column name="user_type" type="VARCHAR2(20)">
                <constraints nullable="false"/>
            </column>
            <column name="email_address" type="VARCHAR2(100)">
                <constraints nullable="false"/>
            </column>
            <column name="user_password" type="VARCHAR2(20)">
                <constraints nullable="true"/>
            </column>
            <column name="is_active" type="BOOLEAN" defaultValueBoolean="false">
                <constraints nullable="false"/>
            </column>
        </createTable>
    </changeSet>

    <changeSet  author="Upamal08"  id="03">
        <addForeignKeyConstraint  baseColumnNames="ROLE_ID"
                                  baseTableName="T_USER"
                                  constraintName="FK_T_U_ROLE"
                                  deferrable="true"
                                  onDelete="RESTRICT"
                                  onUpdate="RESTRICT"
                                  referencedColumnNames="ROLE_ID"
                                  referencedTableName="T_ROLE"/>
    </changeSet>

    <changeSet author="Upamal08" id="04">
        <addColumn tableName="T_USER">
            <column name="created_user" type="VARCHAR2(50)">
                <constraints nullable="true"/>
            </column>
        </addColumn>
        <addColumn tableName="T_USER">
            <column name="created_date" type="TIMESTAMP" defaultValueDate="CURRENT_TIMESTAMP">
                <constraints nullable="true"/>
            </column>
        </addColumn>
        <addColumn tableName="T_USER">
            <column name="updated_user" type="VARCHAR2(50)">
                <constraints nullable="true"/>
            </column>
        </addColumn>
        <addColumn tableName="T_USER">
            <column name="updated_date" type="TIMESTAMP" defaultValueDate="CURRENT_TIMESTAMP">
                <constraints nullable="true"/>
            </column>
        </addColumn>

        <addColumn tableName="T_USER">
            <column name="is_deleted" type="BOOLEAN" defaultValueBoolean="false">
                <constraints nullable="false"/>
            </column>
        </addColumn>

    </changeSet>


</databaseChangeLog>