<?xml version="1.0" encoding="UTF-8"?>

<databaseChangeLog
        xmlns="http://www.liquibase.org/xml/ns/dbchangelog"
        xmlns:xsi="http://www.w3.org/2001/XMLSchema-instance"
        xsi:schemaLocation="http://www.liquibase.org/xml/ns/dbchangelog
         http://www.liquibase.org/xml/ns/dbchangelog/dbchangelog-3.1.xsd">

    <changeSet id="01" author="Dilanka Samarathunga">
        <preConditions onFail="MARK_RAN">
            <not>
                <sequenceExists sequenceName="SEQ_INTERNAL_USER"/>
            </not>
        </preConditions>
        <createSequence sequenceName="SEQ_INTERNAL_USER" cycle="false" minValue="1" maxValue="300" startValue="1"
                        incrementBy="1"/>
    </changeSet>

    <changeSet id="02" author="Dilanka Samarathunga">
        <preConditions onFail="MARK_RAN">
            <not>
                <tableExists tableName="T_INTERNAL_USER"/>
            </not>
        </preConditions>
        <createTable tableName="T_INTERNAL_USER" remarks="Internal User">
            <column name="id" type="INTEGER" defaultValueComputed="SEQ_INTERNAL_USER.NEXTVAL">
                <constraints nullable="false" primaryKey="true"/>
            </column>
            <column name="user_id" type="INTEGER">
                <constraints nullable="false"/>
            </column>
            <column name="first_name" type="VARCHAR2(255)">
                <constraints nullable="false"/>
            </column>
            <column name="last_name" type="VARCHAR2(255)">
                <constraints nullable="false"/>
            </column>
            <column name="phone_number" type="VARCHAR2(255)">
                <constraints nullable="true"/>
            </column>
            <column name="plant_id" type="INTEGER">
                <constraints nullable="false"/>
            </column>
            <column name="department_id" type="INTEGER">
                <constraints nullable="false"/>
            </column>
            <column name="created_user" type="VARCHAR2(50)">
                <constraints nullable="true"/>
            </column>
            <column name="created_date" type="TIMESTAMP" defaultValueDate="CURRENT_TIMESTAMP">
                <constraints nullable="true"/>
            </column>
            <column name="updated_user" type="VARCHAR2(50)">
                <constraints nullable="true"/>
            </column>
            <column name="updated_date" type="TIMESTAMP" defaultValueDate="CURRENT_TIMESTAMP">
                <constraints nullable="true"/>
            </column>
            <column name="is_active" type="BOOLEAN" defaultValueBoolean="true">
                <constraints nullable="false"/>
            </column>
        </createTable>
    </changeSet>

    <changeSet author="Dilanka Samarathunga" id="03">
        <addForeignKeyConstraint baseColumnNames="USER_ID"
                                 baseTableName="T_INTERNAL_USER"
                                 constraintName="FK_INTERNAL_USER_T_USER"
                                 deferrable="true"
                                 initiallyDeferred="true"
                                 onDelete="RESTRICT"
                                 onUpdate="RESTRICT"
                                 referencedColumnNames="USER_ID"
                                 referencedTableName="T_USER"/>

        <addForeignKeyConstraint baseColumnNames="DEPARTMENT_ID"
                                 baseTableName="T_INTERNAL_USER"
                                 constraintName="FK_INTERNAL_USER_T_DEPARTMENT"
                                 deferrable="true"
                                 initiallyDeferred="true"
                                 onDelete="RESTRICT"
                                 onUpdate="RESTRICT"
                                 referencedColumnNames="ID"
                                 referencedTableName="T_DEPARTMENT"/>

        <addForeignKeyConstraint baseColumnNames="PLANT_ID"
                                 baseTableName="T_INTERNAL_USER"
                                 constraintName="FK_INTERNAL_USER_T_PLANT"
                                 deferrable="true"
                                 initiallyDeferred="true"
                                 onDelete="RESTRICT"
                                 onUpdate="RESTRICT"
                                 referencedColumnNames="ID"
                                 referencedTableName="T_PLANT"/>

    </changeSet>

</databaseChangeLog>