<?xml version="1.0" encoding="UTF-8"?>

<databaseChangeLog
        xmlns="http://www.liquibase.org/xml/ns/dbchangelog"
        xmlns:xsi="http://www.w3.org/2001/XMLSchema-instance"
        xsi:schemaLocation="http://www.liquibase.org/xml/ns/dbchangelog
         http://www.liquibase.org/xml/ns/dbchangelog/dbchangelog-3.1.xsd">

    <changeSet id="01" author="Dilanka Samarathunga">
        <preConditions onFail="MARK_RAN">
            <not>
                <sequenceExists sequenceName="SEQ_INTERNAL_USER_BRAND"/>
            </not>
        </preConditions>
        <createSequence sequenceName="SEQ_INTERNAL_USER_BRAND" cycle="false" minValue="1" maxValue="300" startValue="1"
                        incrementBy="1"/>
    </changeSet>

    <changeSet id="02" author="Dilanka Samarathunga">
        <preConditions onFail="MARK_RAN">
            <not>
                <tableExists tableName="AT_INTERNAL_USER_BRAND"/>
            </not>
        </preConditions>
        <createTable tableName="AT_INTERNAL_USER_BRAND" remarks="Internal User Brands">
            <column name="internal_user_id" type="INTEGER">
                <constraints nullable="false"/>
            </column>
            <column name="brand_id" type="INTEGER">
                <constraints nullable="false"/>
            </column>
            <column name="created_user" type="VARCHAR2(50)">
                <constraints nullable="true"/>
            </column>
            <column name="created_date" type="TIMESTAMP" defaultValueDate="CURRENT_TIMESTAMP">
                <constraints nullable="true"/>
            </column>
            <column name="updated_user" type="VARCHAR2(50)">
                <constraints nullable="true"/>
            </column>
            <column name="updated_date" type="TIMESTAMP" defaultValueDate="CURRENT_TIMESTAMP">
                <constraints nullable="true"/>
            </column>
            <column name="is_active" type="BOOLEAN" defaultValueBoolean="true">
                <constraints nullable="false"/>
            </column>
        </createTable>
    </changeSet>

    <changeSet author="Dilanka Samarathunga" id="03">
        <addForeignKeyConstraint baseColumnNames="BRAND_ID"
                                 baseTableName="AT_INTERNAL_USER_BRAND"
                                 constraintName="FK_INTERNAL_USER_BRAND_BRAND_ID"
                                 deferrable="true"
                                 initiallyDeferred="true"
                                 onDelete="RESTRICT"
                                 onUpdate="RESTRICT"
                                 referencedColumnNames="BRAND_ID"
                                 referencedTableName="T_BRAND"/>
    </changeSet>

    <changeSet author="Dilanka Samarathunga" id="04">
        <addForeignKeyConstraint baseColumnNames="INTERNAL_USER_ID"
                                 baseTableName="AT_INTERNAL_USER_BRAND"
                                 constraintName="FK_INTERNAL_USER_BRAND_INTERNAL_USER_ID"
                                 deferrable="true"
                                 initiallyDeferred="true"
                                 onDelete="RESTRICT"
                                 onUpdate="RESTRICT"
                                 referencedColumnNames="ID"
                                 referencedTableName="T_INTERNAL_USER"/>
    </changeSet>
</databaseChangeLog>