<?xml version="1.0" encoding="UTF-8"?>

<databaseChangeLog
        xmlns="http://www.liquibase.org/xml/ns/dbchangelog"
        xmlns:xsi="http://www.w3.org/2001/XMLSchema-instance"
        xsi:schemaLocation="http://www.liquibase.org/xml/ns/dbchangelog
         http://www.liquibase.org/xml/ns/dbchangelog/dbchangelog-3.1.xsd">

    <changeSet id="01" author="Upamal03">
        <preConditions onFail="MARK_RAN">
            <not>
                <sequenceExists sequenceName="SEQ_COMPANY"/>
            </not>
        </preConditions>
        <createSequence sequenceName="SEQ_COMPANY" cycle="false" minValue="1" maxValue="300" startValue="1" incrementBy="1"/>
    </changeSet>

    <changeSet id="02" author="Upamal03">
        <preConditions onFail="MARK_RAN">
            <not>
                <tableExists tableName="T_COMPANY"/>
            </not>
        </preConditions>
        <createTable tableName="T_COMPANY" remarks="Create company table">
            <column name="company_id" type="INTEGER" defaultValueComputed="SEQ_COMPANY.NEXTVAL">
                <constraints nullable="false" primaryKey="true"/>
            </column>
            <column name="country_id" type="INTEGER">
                <constraints nullable="false"/>
            </column>
            <column name="industry_id" type="INTEGER">
                <constraints nullable="false"/>
            </column>
            <column name="company_name" type="VARCHAR2(100)">
                <constraints nullable="false"/>
            </column>
            <column name="company_address" type="VARCHAR2(200)">
                <constraints nullable="false"/>
            </column>
            <column name="purpose" type="VARCHAR2(300)">
                <constraints nullable="false"/>
            </column>

        </createTable>
    </changeSet>

    <changeSet  author="Upamal03"  id="03">
        <addForeignKeyConstraint  baseColumnNames="COUNTRY_ID"
                                  baseTableName="T_COMPANY"
                                  constraintName="FK_T_COMPANY_COUNTY"
                                  deferrable="true"
                                  onDelete="RESTRICT"
                                  onUpdate="RESTRICT"
                                  referencedColumnNames="ID"
                                  referencedTableName="T_COUNTRY"/>
    </changeSet>
    <changeSet  author="Upamal03"  id="04">
        <addForeignKeyConstraint  baseColumnNames="INDUSTRY_ID"
                                  baseTableName="T_COMPANY"
                                  constraintName="FK_T_COMPANY_INDUSTRY"
                                  deferrable="true"
                                  onDelete="RESTRICT"
                                  onUpdate="RESTRICT"
                                  referencedColumnNames="ID"
                                  referencedTableName="T_INDUSTRY"/>
    </changeSet>

    <changeSet author="Upamal03" id="05">
        <addColumn tableName="T_COMPANY">
            <column name="created_user" type="VARCHAR2(50)">
                <constraints nullable="true"/>
            </column>
        </addColumn>
        <addColumn tableName="T_COMPANY">
            <column name="created_date" type="TIMESTAMP" defaultValueDate="CURRENT_TIMESTAMP">
                <constraints nullable="true"/>
            </column>
        </addColumn>
        <addColumn tableName="T_COMPANY">
            <column name="updated_user" type="VARCHAR2(50)">
                <constraints nullable="true"/>
            </column>
        </addColumn>
        <addColumn tableName="T_COMPANY">
            <column name="updated_date" type="TIMESTAMP" defaultValueDate="CURRENT_TIMESTAMP">
                <constraints nullable="true"/>
            </column>
        </addColumn>

        <addColumn tableName="T_COMPANY">
            <column name="is_deleted" type="BOOLEAN" defaultValueBoolean="false">
                <constraints nullable="false"/>
            </column>
        </addColumn>
        <addColumn tableName="T_COMPANY">
            <column name="is_active" type="BOOLEAN" defaultValueBoolean="true">
                <constraints nullable="false"/>
            </column>
        </addColumn>

    </changeSet>


</databaseChangeLog>