<?xml version="1.0" encoding="UTF-8"?>

<databaseChangeLog
        xmlns="http://www.liquibase.org/xml/ns/dbchangelog"
        xmlns:xsi="http://www.w3.org/2001/XMLSchema-instance"
        xsi:schemaLocation="http://www.liquibase.org/xml/ns/dbchangelog
         http://www.liquibase.org/xml/ns/dbchangelog/dbchangelog-3.1.xsd">

    <changeSet id="01" author="Upamal09">
        <preConditions onFail="MARK_RAN">
            <not>
                <sequenceExists sequenceName="SEQ_CUSTOMER"/>
            </not>
        </preConditions>
        <createSequence sequenceName="SEQ_CUSTOMER" cycle="false" minValue="1" maxValue="300" startValue="1" incrementBy="1"/>
    </changeSet>

    <changeSet id="02" author="Upamal09">
        <preConditions onFail="MARK_RAN">
            <not>
                <tableExists tableName="T_CUSTOMER"/>
            </not>
        </preConditions>
        <createTable tableName="T_CUSTOMER" remarks="Create customer table">
            <column name="customer_id" type="INTEGER" defaultValueComputed="SEQ_CUSTOMER.NEXTVAL">
                <constraints nullable="false" primaryKey="true"/>
            </column>
            <column name="user_id" type="INTEGER">
                <constraints nullable="false"/>
            </column>
            <column name="company_id" type="INTEGER">
                <constraints nullable="false"/>
            </column>
            <column name="brand_id" type="INTEGER">
                <constraints nullable="true"/>
            </column>
            <column name="first_name" type="VARCHAR2(50)">
                <constraints nullable="false"/>
            </column>
            <column name="last_name" type="VARCHAR2(50)">
                <constraints nullable="false"/>
            </column>
            <column name="phone_number" type="VARCHAR2(20)">
                <constraints nullable="false"/>
            </column>
            <column name="designation" type="VARCHAR2(50)">
                <constraints nullable="true"/>
            </column>

        </createTable>
    </changeSet>

    <changeSet  author="Upamal09"  id="03">
        <addForeignKeyConstraint  baseColumnNames="USER_ID"
                                  baseTableName="T_CUSTOMER"
                                  constraintName="FK_T_C_USER"
                                  deferrable="true"
                                  onDelete="RESTRICT"
                                  onUpdate="RESTRICT"
                                  referencedColumnNames="USER_ID"
                                  referencedTableName="T_USER"/>
    </changeSet>
    <changeSet  author="Upamal09"  id="04">
        <addForeignKeyConstraint  baseColumnNames="COMPANY_ID"
                                  baseTableName="T_CUSTOMER"
                                  constraintName="FK_T_C_COMPANY"
                                  deferrable="true"
                                  onDelete="RESTRICT"
                                  onUpdate="RESTRICT"
                                  referencedColumnNames="COMPANY_ID"
                                  referencedTableName="T_COMPANY"/>
    </changeSet>
    <changeSet  author="Upamal09"  id="05">
        <addForeignKeyConstraint  baseColumnNames="BRAND_ID"
                                  baseTableName="T_CUSTOMER"
                                  constraintName="FK_T_C_BRAND"
                                  deferrable="true"
                                  onDelete="RESTRICT"
                                  onUpdate="RESTRICT"
                                  referencedColumnNames="BRAND_ID"
                                  referencedTableName="T_BRAND"/>
    </changeSet>

    <changeSet author="Upamal09" id="06">
        <addColumn tableName="T_CUSTOMER">
            <column name="created_user" type="VARCHAR2(50)">
                <constraints nullable="true"/>
            </column>
        </addColumn>
        <addColumn tableName="T_CUSTOMER">
            <column name="created_date" type="TIMESTAMP" defaultValueDate="CURRENT_TIMESTAMP">
                <constraints nullable="true"/>
            </column>
        </addColumn>
        <addColumn tableName="T_CUSTOMER">
            <column name="updated_user" type="VARCHAR2(50)">
                <constraints nullable="true"/>
            </column>
        </addColumn>
        <addColumn tableName="T_CUSTOMER">
            <column name="updated_date" type="TIMESTAMP" defaultValueDate="CURRENT_TIMESTAMP">
                <constraints nullable="true"/>
            </column>
        </addColumn>

        <addColumn tableName="T_CUSTOMER">
            <column name="is_deleted" type="BOOLEAN" defaultValueBoolean="false">
                <constraints nullable="false"/>
            </column>
        </addColumn>
        <addColumn tableName="T_CUSTOMER">
            <column name="is_active" type="BOOLEAN" defaultValueBoolean="true">
                <constraints nullable="false"/>
            </column>
        </addColumn>

    </changeSet>




</databaseChangeLog>