<?xml version="1.0" encoding="UTF-8"?>

<databaseChangeLog
        xmlns="http://www.liquibase.org/xml/ns/dbchangelog"
        xmlns:xsi="http://www.w3.org/2001/XMLSchema-instance"
        xsi:schemaLocation="http://www.liquibase.org/xml/ns/dbchangelog
         http://www.liquibase.org/xml/ns/dbchangelog/dbchangelog-3.1.xsd">

    <changeSet id="01" author="Upamal03">
        <preConditions onFail="MARK_RAN">
            <not>
                <sequenceExists sequenceName="SEQ_ROLE"/>
            </not>
        </preConditions>
        <createSequence sequenceName="SEQ_ROLE" cycle="false" minValue="1" maxValue="300" startValue="1" incrementBy="1"/>
    </changeSet>

    <changeSet id="02" author="Upamal03">
        <preConditions onFail="MARK_RAN">
            <not>
                <tableExists tableName="T_ROLE"/>
            </not>
        </preConditions>
        <createTable tableName="T_ROLE" remarks="Create customer request Data">
            <column name="role_id" type="INTEGER" defaultValueComputed="SEQ_ROLE.NEXTVAL">
                <constraints nullable="false" primaryKey="true"/>
            </column>

            <column name="system_actor_id" type="INTEGER">
                <constraints nullable="false"/>
            </column>
            <column name="role_name" type="VARCHAR2(50)">
                <constraints nullable="false"/>
            </column>
            <column name="role_value" type="VARCHAR2(50)">
                <constraints nullable="false"/>
            </column>
            <column name="is_default" type="BOOLEAN" defaultValueBoolean="false">
                <constraints nullable="false"/>
            </column>
        </createTable>
    </changeSet>

    <changeSet  author="Upamal03"  id="03">
        <addForeignKeyConstraint  baseColumnNames="ROLE_ID"
                                  baseTableName="T_ROLE"
                                  constraintName="FK_T_SA"
                                  deferrable="true"
                                  onDelete="RESTRICT"
                                  onUpdate="RESTRICT"
                                  referencedColumnNames="ID"
                                  referencedTableName="T_SYSTEM_ACTOR"/>
    </changeSet>


</databaseChangeLog>