<?xml version="1.0" encoding="UTF-8"?>

<databaseChangeLog
        xmlns="http://www.liquibase.org/xml/ns/dbchangelog"
        xmlns:xsi="http://www.w3.org/2001/XMLSchema-instance"
        xsi:schemaLocation="http://www.liquibase.org/xml/ns/dbchangelog
         http://www.liquibase.org/xml/ns/dbchangelog/dbchangelog-3.1.xsd">

    <changeSet id="01" author="Upamal03">
        <preConditions onFail="MARK_RAN">
            <not>
                <sequenceExists sequenceName="SEQ_CUSTOMER_REGISTRATION_REQUEST"/>
            </not>
        </preConditions>
        <createSequence sequenceName="SEQ_CUSTOMER_REGISTRATION_REQUEST" cycle="false" minValue="1" maxValue="300" startValue="1" incrementBy="1"/>
    </changeSet>

    <changeSet id="02" author="Upamal03">
        <preConditions onFail="MARK_RAN">
            <not>
                <tableExists tableName="T_CUSTOMER_REGISTRATION_REQUEST"/>
            </not>
        </preConditions>
        <createTable tableName="T_CUSTOMER_REGISTRATION_REQUEST" remarks="Create customer request Data">
            <column name="request_id" type="INTEGER" defaultValueComputed="SEQ_CUSTOMER_REGISTRATION_REQUEST.NEXTVAL">
                <constraints nullable="false" />
            </column>


            <column name="country_id" type="INTEGER">
                <constraints nullable="false"/>
            </column>
            <column name="industry_id" type="INTEGER">
                <constraints nullable="false"/>
            </column>
            <column name="status_id" type="INTEGER">
                <constraints nullable="false"/>
            </column>

            <column name="company_name" type="VARCHAR2(100)">
                <constraints nullable="false"/>
            </column>
            <column name="purpose" type="VARCHAR2(300)">
                <constraints nullable="true"/>
            </column>
            <column name="first_name" type="VARCHAR2(100)">
                <constraints nullable="false"/>
            </column>
            <column name="last_name" type="VARCHAR2(100)">
                <constraints nullable="false"/>
            </column>
            <column name="phone_number" type="VARCHAR2(100)">
                <constraints nullable="false"/>
            </column>
            <column name="designation" type="VARCHAR2(100)">
                <constraints nullable="true"/>
            </column>
            <column name="email_address" type="VARCHAR2(100)">
                <constraints nullable="false"/>
            </column>


            <column name="created_user" type="VARCHAR2(50)">
                <constraints nullable="true"/>
            </column>
            <column name="created_date" type="TIMESTAMP" defaultValueDate="CURRENT_TIMESTAMP">
                <constraints nullable="true"/>
            </column>
            <column name="updated_user" type="VARCHAR2(50)">
                <constraints nullable="true"/>
            </column>
            <column name="updated_date" type="TIMESTAMP" defaultValueDate="CURRENT_TIMESTAMP">
                <constraints nullable="true"/>
            </column>
<!--            <column name="deleted" type="BOOLEAN" defaultValueBoolean="false">
                <constraints nullable="false"/>
            </column>-->
        </createTable>
    </changeSet>
<!--

    <changeSet author="Upamal03" id="03">
        <addColumn tableName="T_CUSTOMER_REGISTRATION_REQUEST">
            <column name="display_order" type="VARCHAR2(150)" defaultValueNumeric="0">
                <constraints nullable="false"/>
            </column>
        </addColumn>
    </changeSet>
-->

    <changeSet author="Upamal03" id="04">
        <addPrimaryKey tableName="T_CUSTOMER_REGISTRATION_REQUEST" columnNames="request_id" constraintName="PK_T_CRR"/>
    </changeSet>
    <changeSet  author="Upamal03"  id="05">
        <addForeignKeyConstraint  baseColumnNames="STATUS_ID"
                                  baseTableName="T_CUSTOMER_REGISTRATION_REQUEST"
                                  constraintName="FK_T_CRRS_STATUS"
                                  deferrable="true"
                                  onDelete="RESTRICT"
                                  onUpdate="RESTRICT"
                                  referencedColumnNames="ID"
                                  referencedTableName="T_CUSTOMER_REGISTRATION_REQUEST_STATUS"/>
    </changeSet>
    <changeSet  author="Upamal03"  id="06">
        <addForeignKeyConstraint  baseColumnNames="COUNTRY_ID"
                                  baseTableName="T_CUSTOMER_REGISTRATION_REQUEST"
                                  constraintName="FK_T_CRRS_COUNTRY_ID"
                                  deferrable="true"
                                  onDelete="RESTRICT"
                                  onUpdate="RESTRICT"
                                  referencedColumnNames="ID"
                                  referencedTableName="T_COUNTRY"/>
    </changeSet>
    <changeSet  author="Upamal03"  id="07">
        <addForeignKeyConstraint  baseColumnNames="INDUSTRY_ID"
                                  baseTableName="T_CUSTOMER_REGISTRATION_REQUEST"
                                  constraintName="FK_T_CRRS_INDUSTRY_ID"
                                  deferrable="true"
                                  onDelete="RESTRICT"
                                  onUpdate="RESTRICT"
                                  referencedColumnNames="ID"
                                  referencedTableName="T_INDUSTRY"/>
    </changeSet>

    <changeSet author="Upamal03" id="08">
        <addColumn tableName="T_CUSTOMER_REGISTRATION_REQUEST">
            <column name="is_deleted" type="BOOLEAN" defaultValueBoolean="false">
                <constraints nullable="false"/>
            </column>
        </addColumn>
        <addColumn tableName="T_CUSTOMER_REGISTRATION_REQUEST">
            <column name="is_active" type="BOOLEAN" defaultValueBoolean="true">
                <constraints nullable="false"/>
            </column>
        </addColumn>
    </changeSet>


</databaseChangeLog>