<?xml version="1.0" encoding="UTF-8"?>

<databaseChangeLog
        xmlns="http://www.liquibase.org/xml/ns/dbchangelog"
        xmlns:xsi="http://www.w3.org/2001/XMLSchema-instance"
        xsi:schemaLocation="http://www.liquibase.org/xml/ns/dbchangelog
         http://www.liquibase.org/xml/ns/dbchangelog/dbchangelog-3.1.xsd">

    <changeSet id="01" author="Upamal03">
        <preConditions onFail="MARK_RAN">
            <not>
                <sequenceExists sequenceName="SEQ_BRAND"/>
            </not>
        </preConditions>
        <createSequence sequenceName="SEQ_BRAND" cycle="false" minValue="1" maxValue="300" startValue="1" incrementBy="1"/>
    </changeSet>

    <changeSet id="02" author="Upamal03">
        <preConditions onFail="MARK_RAN">
            <not>
                <tableExists tableName="T_BRAND"/>
            </not>
        </preConditions>
        <createTable tableName="T_BRAND" remarks="Create brand table">
            <column name="brand_id" type="INTEGER" defaultValueComputed="SEQ_BRAND.NEXTVAL">
                <constraints nullable="false" primaryKey="true"/>
            </column>
            <column name="brand_name" type="VARCHAR2(50)">
                <constraints nullable="false"/>
            </column>
        </createTable>
    </changeSet>

    <changeSet author="Upamal03" id="03">
        <addColumn tableName="T_BRAND">
            <column name="created_user" type="VARCHAR2(50)">
                <constraints nullable="true"/>
            </column>
        </addColumn>
        <addColumn tableName="T_BRAND">
            <column name="created_date" type="TIMESTAMP" defaultValueDate="CURRENT_TIMESTAMP">
                <constraints nullable="true"/>
            </column>
        </addColumn>
        <addColumn tableName="T_BRAND">
            <column name="updated_user" type="VARCHAR2(50)">
                <constraints nullable="true"/>
            </column>
        </addColumn>
        <addColumn tableName="T_BRAND">
            <column name="updated_date" type="TIMESTAMP" defaultValueDate="CURRENT_TIMESTAMP">
                <constraints nullable="true"/>
            </column>
        </addColumn>

        <addColumn tableName="T_BRAND">
            <column name="is_deleted" type="BOOLEAN" defaultValueBoolean="false">
                <constraints nullable="false"/>
            </column>
        </addColumn>
        <addColumn tableName="T_BRAND">
            <column name="is_active" type="BOOLEAN" defaultValueBoolean="true">
                <constraints nullable="false"/>
            </column>
        </addColumn>

    </changeSet>


</databaseChangeLog>