<?xml version="1.0" encoding="UTF-8"?>

<databaseChangeLog
        xmlns="http://www.liquibase.org/xml/ns/dbchangelog"
        xmlns:xsi="http://www.w3.org/2001/XMLSchema-instance"
        xsi:schemaLocation="http://www.liquibase.org/xml/ns/dbchangelog
         http://www.liquibase.org/xml/ns/dbchangelog/dbchangelog-3.1.xsd">

    <changeSet id="01" author="Upamal03">
        <preConditions onFail="MARK_RAN">
            <not>
                <sequenceExists sequenceName="SEQ_COMPANY_BRAND"/>
            </not>
        </preConditions>
        <createSequence sequenceName="SEQ_COMPANY_BRAND" cycle="false" minValue="1" maxValue="300" startValue="1" incrementBy="1"/>
    </changeSet>

    <changeSet id="02" author="Upamal03">
        <preConditions onFail="MARK_RAN">
            <not>
                <tableExists tableName="AT_COMPANY_BRAND"/>
            </not>
        </preConditions>
        <createTable tableName="AT_COMPANY_BRAND" remarks="Create at_company_brand table">
            <column name="country_id" type="INTEGER">
                <constraints nullable="false"/>
            </column>
            <column name="brand_id" type="INTEGER">
                <constraints nullable="false"/>
            </column>
        </createTable>
    </changeSet>

    <changeSet  author="Upamal03"  id="03">
        <addForeignKeyConstraint  baseColumnNames="COUNTRY_ID"
                                  baseTableName="T_COMPANY_BRAND"
                                  constraintName="FK_T_CB_COUNTY"
                                  deferrable="true"
                                  onDelete="RESTRICT"
                                  onUpdate="RESTRICT"
                                  referencedColumnNames="ID"
                                  referencedTableName="T_COUNTRY"/>
    </changeSet>
    <changeSet  author="Upamal03"  id="04">
        <addForeignKeyConstraint  baseColumnNames="BRAND_ID"
                                  baseTableName="T_COMPANY_BRAND"
                                  constraintName="FK_T_CB_BRAND"
                                  deferrable="true"
                                  onDelete="RESTRICT"
                                  onUpdate="RESTRICT"
                                  referencedColumnNames="BRAND_ID"
                                  referencedTableName="T_BRAND"/>
    </changeSet>


</databaseChangeLog>