{
	"info": {
		"_postman_id": "9aa0d6a7-1a9d-4688-8ac0-6fe59d263f43",
		"name": "ecat-user-service",
		"schema": "https://schema.getpostman.com/json/collection/v2.0.0/collection.json",
		"_exporter_id": "14697896"
	},
	"item": [
		{
			"name": "internal-user",
			"item": [
				{
					"name": "internal-user/create",
					"request": {
						"method": "POST",
						"header": [
							{
								"key": "accept",
								"value": "application/json"
							},
							{
								"key": "Content-Type",
								"value": "application/json"
							}
						],
						"body": {
							"mode": "raw",
							"raw": "{\n    \"roleId\": 1,\n    \"emailAddress\": \"dilanka@gmail.com\",\n    \"firstName\": \"Dilanka\",\n    \"lastName\": \"Samarathunga\",\n    \"phoneNumber\": \"0778899456\",\n    \"plantId\": 1,\n    \"departmentId\": 1,\n    \"userBrandIds\": [\n        19,20\n    ]\n}"
						},
						"url": "http://localhost:8087/user-service/v1/web/internal-user/create"
					},
					"response": []
				},
				{
					"name": "internal-user/delete",
					"request": {
						"method": "DELETE",
						"header": [
							{
								"key": "accept",
								"value": "application/json"
							}
						],
						"url": "http://localhost:8087/user-service/v1/web/internal-user/delete/3"
					},
					"response": []
				},
				{
					"name": "internal-user/update",
					"request": {
						"method": "PUT",
						"header": [
							{
								"key": "accept",
								"value": "application/json"
							},
							{
								"key": "Content-Type",
								"value": "application/json"
							}
						],
						"body": {
							"mode": "raw",
							"raw": "{\n    \"userId\": 61,\n    \"roleId\": 1,\n    \"firstName\": \"Dilanka\",\n    \"lastName\": \"Samarathunga\",\n    \"phoneNumber\": \"0777888778\",\n    \"plantId\": 1,\n    \"departmentId\": 1,\n    \"userBrandIds\": [\n        19,\n        20\n    ]\n}"
						},
						"url": "http://localhost:8087/user-service/v1/web/internal-user/update"
					},
					"response": []
				},
				{
					"name": "internal-user/search",
					"request": {
						"method": "POST",
						"header": [
							{
								"key": "accept",
								"value": "application/json"
							},
							{
								"key": "Content-Type",
								"value": "application/json"
							}
						],
						"body": {
							"mode": "raw",
							"raw": "{\n    \"pageIndex\": 1,\n    \"sortingField\": \"id\",\n    \"sortingDirection\": \"ASC\",\n    \"itemPerPage\": 3,\n    \"name\": \"a\"\n}"
						},
						"url": "http://localhost:8087/user-service/v1/web/internal-user/search"
					},
					"response": []
				},
				{
					"name": "internal-user/load",
					"request": {
						"method": "POST",
						"header": [
							{
								"key": "accept",
								"value": "application/json"
							},
							{
								"key": "Content-Type",
								"value": "application/json"
							}
						],
						"body": {
							"mode": "raw",
							"raw": "{\n    \"id\": 61,\n    \"operationType\": \"READ\"\n}"
						},
						"url": "http://localhost:8087/user-service/v1/web/internal-user/load"
					},
					"response": []
				}
			]
		}
	]
}