<?xml version="1.0" encoding="UTF-8"?>

<databaseChangeLog
        xmlns="http://www.liquibase.org/xml/ns/dbchangelog"
        xmlns:xsi="http://www.w3.org/2001/XMLSchema-instance"
        xsi:schemaLocation="http://www.liquibase.org/xml/ns/dbchangelog
         http://www.liquibase.org/xml/ns/dbchangelog/dbchangelog-3.1.xsd">

    <changeSet id="01" author="Dilanka Samarathunga">
        <preConditions onFail="MARK_RAN">
            <not>
                <tableExists tableName="AT_ROLE_PRIVILEGE"/>
            </not>
        </preConditions>
        <createTable tableName="AT_ROLE_PRIVILEGE" remarks="Role privilege mapping">
            <column name="role_id" type="INTEGER">
                <constraints nullable="false"/>
            </column>
            <column name="privilege_id" type="INTEGER">
                <constraints nullable="false"/>
            </column>
            <column name="created_user" type="VARCHAR2(50)">
                <constraints nullable="true"/>
            </column>
            <column name="created_date" type="TIMESTAMP" defaultValueDate="CURRENT_TIMESTAMP">
                <constraints nullable="true"/>
            </column>
            <column name="updated_user" type="VARCHAR2(50)">
                <constraints nullable="true"/>
            </column>
            <column name="updated_date" type="TIMESTAMP" defaultValueDate="CURRENT_TIMESTAMP">
                <constraints nullable="true"/>
            </column>
            <column name="is_active" type="BOOLEAN" defaultValueBoolean="true">
                <constraints nullable="false"/>
            </column>
        </createTable>
    </changeSet>

    <changeSet author="Dilanka Samarathunga" id="02">
        <addForeignKeyConstraint baseColumnNames="ROLE_ID"
                                 baseTableName="AT_ROLE_PRIVILEGE"
                                 constraintName="FK_ROLE_PRIVILEGE_ROLE_ID"
                                 deferrable="true"
                                 initiallyDeferred="true"
                                 onDelete="RESTRICT"
                                 onUpdate="RESTRICT"
                                 referencedColumnNames="ROLE_ID"
                                 referencedTableName="T_ROLE"/>

        <addForeignKeyConstraint baseColumnNames="PRIVILEGE_ID"
                                 baseTableName="AT_ROLE_PRIVILEGE"
                                 constraintName="FK_ROLE_PRIVILEGE_PRIVILEGE_ID"
                                 deferrable="true"
                                 initiallyDeferred="true"
                                 onDelete="RESTRICT"
                                 onUpdate="RESTRICT"
                                 referencedColumnNames="ID"
                                 referencedTableName="T_PRIVILEGE"/>
    </changeSet>
</databaseChangeLog>